# k value; avg median over 100 runs;
1;4.400242858192284
2;3.9036860753743907
3;3.923063291079387
4;3.956753810683111
5;3.940358290138398
