# interval; count;
7.1000000000000005;100
13.8;24
6.4;6
0.5;30
6.6000000000000005;3
13.0;2
1.3;6
7.4;11
13.4;2
15.200000000000001;44
1.9000000000000001;48
8.700000000000001;2
2.1;1
21.700000000000003;1
2.0;31
26.0;3
15.8;1
14.5;1
9.5;2
27.0;3
2.9000000000000004;2
8.9;27
3.4000000000000004;11
3.5;1
3.2;39
3.3000000000000003;4
9.9;2
4.2;4
11.100000000000001;5
4.6000000000000005;7
16.6;7
10.4;24
4.4;6
11.9;13
4.9;3
5.9;13
12.4;6
18.0;3
24.1;2
