# k value; avg median over 100 runs;
1;8.976093867263344
2;9.034085520087125
3;9.039271778112061
4;8.96366225685834
5;8.793791032141952
