# interval; count;
7.1000000000000005;95
13.8;7
6.4;5
0.5;50
7.6000000000000005;1
13.0;2
7.9;1
13.200000000000001;1
1.3;2
7.4;35
7.5;1
15.200000000000001;14
1.9000000000000001;25
21.700000000000003;1
2.0;20
26.0;1
14.5;3
9.5;1
2.9000000000000004;2
8.9;9
3.4000000000000004;7
3.2;5
3.3000000000000003;4
9.9;3
17.2;2
11.0;2
11.100000000000001;8
4.6000000000000005;14
16.6;39
4.4;3
10.4;5
11.9;18
4.9;13
5.5;1
5.4;5
25.1;8
5.9;27
12.4;9
6.300000000000001;4
6.1000000000000005;36
18.0;11
