# k value; avg median over 100 runs;
1;0.26798728697097063
2;0.28088404477488177
3;0.2737215056615898
4;0.26562859943324396
5;0.269663268427652
